class;cbo;dit;fanin;fanout;lcom;noc;loc;rfc;wmc;totalMethodsQty;protectedMethodsQty;publicMethodsQty;privateMethodsQty;finalFieldsQty;protectedFieldsQty;publicFieldsQty;privateFieldsQty;bug_predicted
org.joda.time.DateTimeZone;18;1;212;18;957;10;625;84;167;46;2;36;8;8;0;2;6;1
org.joda.time.field.TestBaseDateTimeField$MockStandardBaseDateTimeField;4;4;0;4;3;0;11;3;3;3;1;2;0;0;0;0;0;1
org.joda.time.TestAbstractPartial$MockProperty0Field;4;3;0;4;0;0;5;2;1;1;0;1;0;0;0;0;0;1
org.joda.time.chrono.gj.TestGJDateTimeField;4;4;8;4;6;7;14;1;4;4;0;4;0;1;1;0;0;0
org.joda.time.tz.DateTimeZoneBuilder$Transition;3;1;0;3;0;0;51;3;15;11;0;8;0;4;0;0;4;1
org.joda.time.field.AbstractPartialFieldProperty;7;1;17;7;276;14;105;25;34;24;2;22;0;0;0;0;0;0
org.joda.time.field.StrictDateTimeField;5;3;3;5;6;0;25;6;7;4;1;3;0;1;0;0;1;0
org.joda.time.field.TestPreciseDateTimeField$MockPreciseDateTimeField;5;5;0;5;1;0;8;3;2;2;2;0;0;0;0;0;0;1
org.joda.time.convert.ConverterSet$Entry;1;1;0;1;0;0;8;0;1;1;0;0;0;2;0;0;0;1
org.joda.time.TestMutableInterval_Basics;23;3;2;23;42;0;339;55;42;32;2;30;0;3;0;0;9;0
org.joda.example.time.DateTimeBrowser$LoadedFile;3;1;0;3;3;0;67;17;16;7;0;5;1;0;0;0;0;0
org.joda.time.TestDateMidnight_Basics;34;3;2;34;714;0;788;166;79;64;2;61;1;10;0;0;21;0
org.joda.example.time.Examples;8;1;1;8;6;0;84;45;5;4;0;1;3;0;0;0;0;1
org.joda.time.TestMutableInterval_Constructors$MockInterval;10;1;0;10;190;0;62;1;20;20;0;20;0;0;0;0;0;1
org.joda.time.format.TestISODateTimeFormat$Anonymous1;0;1;0;0;0;0;2;0;0;0;0;0;0;0;0;0;0;1
org.joda.time.DateTimeFieldType$StandardDateTimeFieldType;6;2;0;6;0;0;135;24;55;7;0;5;1;4;0;0;4;1
org.joda.time.TestSeconds;19;2;1;19;494;0;275;37;42;32;2;30;0;1;0;0;1;0
org.joda.time.TestPeriod_Basics;16;3;1;16;3651;0;1150;107;149;86;2;84;0;1;0;0;7;0
org.joda.time.field.UnsupportedDurationField;3;2;10;3;270;0;102;8;30;25;0;22;3;2;0;0;3;0
org.joda.time.DateMidnight$Property;7;2;0;7;0;0;70;21;20;20;2;15;2;1;0;0;3;1
org.joda.time.DateTimeComparator;6;1;2;6;18;0;92;14;31;13;1;11;1;6;0;0;6;0
org.joda.time.ReadWritableInterval;5;1;13;5;66;0;14;0;12;12;0;0;0;0;0;0;0;0
org.joda.time.format.TestAll;19;2;2;19;3;0;28;18;3;3;0;3;0;0;0;0;0;0
org.joda.time.format.PeriodFormatterBuilder;14;5;5;14;979;0;1343;23;99;47;0;38;9;17;0;0;26;1
org.joda.time.chrono.ISOChronology;12;4;103;12;49;0;92;18;21;11;1;8;2;3;0;0;3;1
org.joda.time.format.PeriodFormatterBuilder$FieldFormatter;10;1;0;10;15;0;440;50;143;14;0;6;1;8;0;0;8;1
org.joda.time.tz.ZoneInfoCompiler$Rule;4;1;0;4;9;0;85;17;18;7;0;2;2;7;0;7;0;1
org.joda.time.TestDays;22;2;2;22;559;0;328;46;47;34;2;32;0;1;0;0;1;0
org.joda.time.TestMutableInterval_Updates$MockBadInterval;3;2;0;3;3;0;11;1;3;3;0;3;0;0;0;0;0;1
org.joda.time.convert.DateConverter;5;2;2;5;3;0;13;1;3;3;1;2;0;1;0;0;0;0
org.joda.time.field.BaseDateTimeField;8;2;17;8;1269;11;309;46;89;51;2;49;0;1;0;0;1;0
org.joda.time.field.ZeroIsMaxDateTimeField;8;4;2;8;325;0;93;25;29;26;0;26;0;1;0;0;1;0
org.joda.time.field.TestPreciseDurationDateTimeField$MockPreciseDurationDateTimeField;5;4;0;5;10;0;17;3;5;5;2;3;0;0;0;0;0;1
org.joda.time.base.BaseInterval;14;2;11;14;0;2;104;19;18;11;8;3;0;1;0;0;4;0
org.joda.time.Duration;10;3;31;10;445;0;148;18;48;31;0;31;0;2;0;1;1;0
org.joda.time.convert.TestReadableIntervalConverter;18;2;2;18;120;0;120;39;16;16;1;15;0;3;0;0;6;0
org.joda.time.TestLocalDateTime_Basics$MockInstant;4;2;0;4;3;0;11;4;3;3;0;3;0;0;0;0;0;1
org.joda.time.format.DateTimePrinterInternalPrinter;7;1;4;7;0;0;51;7;12;6;0;3;1;1;0;0;1;0
org.joda.time.base.AbstractInstant;15;1;42;15;406;10;128;20;42;29;1;28;0;0;0;0;0;0
org.joda.example.time.AgeCalculator$Anonymous3;3;1;0;3;0;0;7;4;1;1;0;1;0;0;0;0;0;1
org.joda.time.TestMutableDateTime_Adds;16;2;2;16;854;0;279;36;47;45;2;43;0;1;0;0;7;0
org.joda.example.time.AgeCalculator$Anonymous4;1;1;0;1;0;0;5;1;1;1;0;1;0;0;0;0;0;1
org.joda.example.time.AgeCalculator$Anonymous1;1;1;0;1;0;0;5;1;1;1;0;1;0;0;0;0;0;1
org.joda.example.time.AgeCalculator$Anonymous2;2;1;0;2;6;0;15;3;4;4;0;3;1;0;0;0;0;1
org.joda.time.chrono.gj.TestGJYearField;7;5;3;7;55;1;40;13;15;11;0;11;0;0;0;0;0;0
org.joda.time.LocalDateTime;27;4;18;27;6909;0;678;103;180;119;2;114;2;7;0;0;7;1
org.joda.time.convert.IntervalConverter;3;1;8;3;1;0;4;0;2;2;0;0;0;0;0;0;0;0
org.joda.time.tz.TestCompiler;11;2;3;11;264;0;187;44;31;24;2;17;5;3;0;0;1;1
org.joda.time.field.PreciseDateTimeField;5;4;6;5;7;4;43;8;10;7;0;7;0;3;0;0;3;0
org.joda.time.chrono.LimitChronology$LimitException;6;5;0;6;1;0;35;13;5;3;0;2;0;2;0;0;2;1
org.joda.time.TestMutableDateTime_Sets;17;2;2;17;1960;0;547;61;85;68;2;66;0;2;0;0;8;0
org.joda.time.format.DateTimeFormatterBuilder$TimeZoneId;5;1;0;5;8;0;81;23;20;5;0;5;0;5;0;0;3;0
org.joda.time.TestDateTime_Basics$MockEqualsChronology;4;3;0;4;10;0;18;0;5;5;0;5;0;1;0;0;1;1
org.joda.time.tz.TestCompiler$Anonymous1;1;1;0;1;0;0;5;2;1;1;0;1;0;0;0;0;0;1
org.joda.time.chrono.gj.TestGJChronology;14;3;13;14;920;2;142;19;50;44;0;16;0;2;0;0;1;0
org.joda.time.convert.TestStringConverter;21;2;2;21;981;0;491;63;67;47;2;45;0;10;0;0;14;0
org.joda.time.YearMonth;24;4;6;24;1001;0;257;49;62;46;1;42;1;4;0;2;2;0
org.joda.time.field.TestPreciseDurationField;10;2;2;10;0;0;216;35;44;28;2;26;0;3;0;0;4;0
org.joda.time.DateTime$Property;9;2;0;9;0;0;88;27;24;20;2;15;2;1;0;0;3;0
org.joda.time.TestMinutes;21;2;2;21;494;0;284;46;43;32;2;30;0;1;0;0;1;0
org.joda.time.Years;17;2;1;17;178;0;118;23;38;20;0;18;2;8;0;6;2;0
org.joda.time.convert.MockZeroNullIntegerConverter;5;1;1;5;10;0;18;0;5;5;0;5;0;1;0;1;0;0
org.joda.example.time.DateTimeBrowser$CalTableView;7;2;0;7;10;0;56;19;7;5;0;0;0;0;0;0;0;1
org.joda.time.convert.ReadableIntervalConverter;11;2;2;11;15;0;35;9;9;6;1;5;0;1;0;0;0;0
org.joda.time.chrono.gj.TestGJDayOfMonthField;7;5;4;7;45;1;37;11;12;10;0;10;0;0;0;0;0;0
org.joda.time.DateTimeField;5;1;146;5;1275;3;55;1;51;51;0;51;0;0;0;0;0;0
org.joda.time.TestInstant_Basics;20;3;2;20;26;0;437;110;48;40;2;38;0;2;0;0;8;0
org.joda.time.format.TestPeriodFormat;6;2;2;6;2169;0;695;30;79;74;2;71;1;31;0;0;32;0
org.joda.time.Partial;18;3;14;18;188;0;420;52;92;33;1;30;0;4;0;0;5;0
org.joda.time.format.TestDateTimeFormatterBuilder;14;2;2;14;1805;0;627;55;88;63;2;60;1;7;0;0;7;0
org.joda.time.field.SkipDateTimeField;6;3;4;6;3;0;47;9;11;6;0;5;1;3;0;0;4;0
org.joda.time.chrono.TestGJChronology;22;2;2;22;534;0;435;112;48;36;2;32;2;3;0;0;7;0
org.joda.time.field.TestPreciseDurationDateTimeField$MockCountingDurationField;2;3;0;2;36;0;35;0;9;9;1;8;0;0;0;0;0;1
org.joda.time.chrono.GJDayOfWeekDateTimeField;7;4;1;7;43;0;38;10;11;11;1;8;1;2;0;0;2;0
org.joda.time.TestAll;55;2;2;55;3;0;87;55;3;3;0;3;0;0;0;0;0;0
org.joda.time.format.DateTimeFormatterBuilder$Composite;7;1;0;7;11;0;117;13;32;10;0;5;2;4;0;0;4;1
org.joda.time.chrono.gj.TestGJDayOfWeekField;5;5;2;5;28;0;30;7;9;8;0;8;0;0;0;0;0;0
org.joda.time.format.PeriodFormatterBuilder$IgnorableAffix;1;1;0;1;0;0;37;8;17;2;1;1;0;0;0;0;1;1
org.joda.time.field.ImpreciseDateTimeField$LinkedDurationField;3;3;0;3;55;0;36;4;11;11;0;10;0;1;0;0;1;0
org.joda.example.time.DateTimeBrowser$Anonymous1;0;1;0;0;0;0;7;3;1;1;0;1;0;0;0;0;0;1
org.joda.time.ReadablePeriod;4;1;55;4;55;0;13;0;11;11;0;0;0;0;0;0;0;0
org.joda.time.DateTimeZone$Stub;1;1;0;1;0;0;16;3;4;4;0;0;3;1;0;0;2;1
org.joda.time.TestAbstractPartial$MockProperty0;5;2;0;5;0;0;12;2;3;3;0;3;0;0;0;0;0;1
org.joda.time.TestAbstractPartial$MockProperty1;5;2;0;5;0;0;12;2;3;3;0;3;0;0;0;0;0;1
org.joda.time.chrono.GregorianChronology;8;6;26;8;128;0;118;12;35;17;1;6;2;8;0;0;8;0
org.joda.time.convert.ConverterManager;9;1;19;9;192;0;209;14;58;28;1;22;5;0;0;0;5;0
org.joda.time.TestMutablePeriod_Basics;15;4;2;15;116;0;133;38;21;16;2;14;0;2;0;0;8;0
org.joda.time.TestMutableInterval_Updates;14;3;2;14;0;0;313;30;56;42;2;40;0;2;0;0;8;0
org.joda.time.chrono.GJChronology$LinkedDurationField;3;4;0;3;0;0;20;5;5;5;0;4;0;2;0;0;2;1
org.joda.time.field.TestPreciseDurationDateTimeField$MockStandardBaseDateTimeField;4;5;0;4;3;0;11;3;3;3;1;2;0;0;0;0;0;1
org.joda.time.format.DateTimeFormatterBuilder$PaddedNumber;8;2;0;8;0;0;32;6;7;4;1;3;0;1;1;0;0;1
org.joda.time.TestDateTimeUtils;25;2;2;25;388;0;395;54;58;29;2;27;0;5;0;0;8;0
org.joda.time.base.AbstractPartial;12;1;23;12;210;5;148;20;52;21;5;16;0;0;0;0;0;0
org.joda.time.base.AbstractDuration;6;1;4;6;45;3;72;9;25;10;1;9;0;0;0;0;0;0
org.joda.time.DateTimeUtils;18;1;108;18;278;0;208;29;50;25;1;21;3;2;0;1;2;1
org.joda.time.base.AbstractInterval;13;1;14;13;351;7;148;20;50;27;2;25;0;0;0;0;0;0
org.joda.time.Hours;23;2;12;23;313;0;153;28;49;26;0;24;2;13;0;11;2;0
org.joda.time.TestDateTimeZoneCutover;17;2;2;17;5745;0;1061;58;153;131;2;123;6;7;0;0;17;1
org.joda.time.TestMinMaxLong;10;2;2;10;139;0;224;30;21;18;2;16;0;3;0;0;5;0
org.joda.time.field.DecoratedDurationField;3;3;6;3;0;5;41;9;12;10;0;10;0;2;0;0;2;0
org.joda.time.field.TestPreciseDateTimeField$MockCountingDurationField;2;3;0;2;34;0;37;0;9;9;1;8;0;0;0;0;0;0
org.joda.time.chrono.gj.TestGJDayOfYearField;6;5;3;6;45;0;33;11;11;10;0;10;0;0;0;0;0;0
org.joda.time.tz.TestUTCProvider;6;2;2;6;15;0;32;14;6;6;0;6;0;0;0;0;1;0
org.joda.time.chrono.gj.TestAll;5;2;2;5;3;0;15;3;3;3;0;3;0;0;0;0;0;0
org.joda.time.TestDuration_Basics$MockMutableDuration;1;3;0;1;1;0;8;1;2;2;0;2;0;0;0;0;0;0
org.joda.time.TestYearMonthDay_Constructors;7;2;1;7;235;0;352;20;55;35;2;33;0;5;0;0;9;0
org.joda.time.format.ISOPeriodFormat;2;1;16;2;15;0;40;15;11;6;1;5;0;0;0;0;5;0
org.joda.time.TimeOfDay;20;4;28;20;1373;0;289;50;67;54;1;51;0;7;0;5;2;0
org.joda.time.base.BasePeriod$Anonymous1;1;1;0;1;1;0;8;1;2;2;0;2;0;0;0;0;0;1
org.joda.time.chrono.gj.TestJulianDayOfMonthField;3;6;1;3;1;0;8;1;2;2;0;2;0;0;0;0;0;0
org.joda.time.chrono.TestBuddhistChronology;18;2;2;18;113;0;313;86;23;19;2;17;0;7;0;0;12;0
org.joda.time.DateTimeZone$LazyInit;5;1;0;5;1;0;60;7;2;2;0;0;2;2;0;0;0;1
org.joda.time.chrono.CopticChronology;14;6;23;14;89;0;117;18;30;14;1;6;1;7;0;1;6;0
org.joda.time.field.PreciseDurationField;4;3;6;4;0;0;51;5;13;11;0;11;0;2;0;0;2;0
org.joda.time.tz.DateTimeZoneBuilder$OfYear;5;1;0;5;0;0;202;23;44;13;0;7;4;6;0;0;0;1
org.joda.time.convert.TestReadablePartialConverter$MockTOD;3;3;0;3;1;0;18;4;6;2;1;1;0;0;0;0;0;1
org.joda.time.format.DateTimeFormatterBuilder$NumberFormatter;4;1;0;4;0;0;70;7;21;3;0;2;0;3;3;0;0;1
org.joda.time.TestPartial_Properties;10;2;1;10;0;0;278;41;46;22;2;19;1;6;0;0;9;1
org.joda.time.DateTime;27;5;101;27;5671;0;538;77;143;107;0;107;0;1;0;0;1;0
org.joda.time.chrono.TestCopticChronology;19;2;2;19;178;0;481;122;38;24;2;22;0;7;0;0;12;0
org.joda.time.TestPeriod_Constructors;17;2;1;17;6324;0;1319;53;131;113;2;111;0;2;0;0;6;0
org.joda.time.field.TestBaseDateTimeField$Anonymous4;0;1;0;0;0;0;5;0;1;1;0;1;0;0;0;0;0;1
org.joda.time.field.TestBaseDateTimeField$Anonymous3;0;1;0;0;0;0;5;0;1;1;0;1;0;0;0;0;0;1
org.joda.time.convert.CalendarConverter;11;2;2;11;10;0;48;15;11;5;1;4;0;1;0;0;0;0
org.joda.time.format.PeriodFormatterBuilder$Separator;5;1;0;5;0;0;147;14;49;7;0;5;0;7;0;0;9;1
org.joda.time.field.TestBaseDateTimeField$Anonymous2;0;1;0;0;0;0;5;0;1;1;0;1;0;0;0;0;0;1
org.joda.time.chrono.LimitChronology$LimitDurationField;3;4;0;3;36;0;44;11;9;9;0;8;0;1;0;0;1;0
org.joda.time.DurationFieldType$StandardDurationFieldType;5;2;0;5;0;0;81;13;31;5;0;3;1;2;0;0;2;1
org.joda.time.TestMutableDateTime_Basics;23;5;2;23;351;0;594;132;68;42;2;40;0;2;0;0;8;0
org.joda.time.chrono.ThreadContention;5;1;1;5;28;0;126;25;16;8;0;1;7;0;0;0;0;1
org.joda.time.format.TestISOPeriodFormat;9;2;2;9;44;0;133;28;12;12;2;10;0;9;0;0;13;0
org.joda.time.TestLocalTime_Basics$MockInstant;4;2;0;4;3;0;11;4;3;3;0;3;0;0;0;0;0;1
org.joda.time.TestDateTimeZone$MockOKButNullNameProvider;1;1;0;1;1;0;8;0;2;2;0;2;0;0;0;0;0;0
org.joda.time.format.DateTimeFormatterBuilder$StringLiteral;7;1;0;7;0;0;25;3;7;6;0;5;0;1;0;0;1;1
org.joda.example.time.TimeZoneTable$ZoneData;3;1;0;3;1;0;52;11;14;6;0;5;0;2;0;0;2;1
org.joda.time.convert.ReadablePartialConverter;8;2;2;8;10;0;29;8;7;5;1;4;0;1;0;0;0;0
org.joda.time.convert.Converter;0;1;11;0;0;0;3;0;1;1;0;0;0;0;0;0;0;0
org.joda.time.DateTimeUtils$MillisProvider;0;1;0;0;0;0;3;0;1;1;0;0;0;0;0;0;0;1
org.joda.time.DateTimeUtils$OffsetMillisProvider;1;1;0;1;0;0;9;1;2;2;0;1;0;1;0;0;1;1
org.joda.time.Seconds;23;2;11;23;313;0;138;28;44;26;0;24;2;8;0;6;2;0
org.joda.time.chrono.BasicWeekOfWeekyearDateTimeField;9;4;2;9;36;0;56;15;17;13;1;10;1;2;0;0;2;1
org.joda.time.DateTimeFieldType;5;2;123;5;433;2;248;15;30;30;1;29;0;26;0;0;25;0
org.joda.time.convert.MockBadChronology;3;3;1;3;10;0;17;0;5;5;0;4;0;0;0;0;0;0
org.joda.time.format.DateTimeFormatterBuilder$Fraction;13;1;0;13;4;0;176;21;46;8;2;5;1;1;2;0;1;0
org.joda.time.TestMutablePeriod_Updates;13;2;1;13;3317;0;1040;59;91;82;2;80;0;2;0;0;8;0
org.joda.time.convert.ConverterManager$LazyConverterManagerHolder;1;1;0;1;0;0;3;0;0;0;0;0;0;1;0;0;0;1
org.joda.time.MutableDateTime$Property;7;2;0;7;0;0;75;19;18;18;2;13;2;1;0;0;3;0
org.joda.time.format.TestDateTimeParserBucket$Anonymous1;2;1;0;2;1;0;10;3;2;2;0;2;0;0;0;0;0;0
org.joda.time.TestMutablePeriod_Basics$MockMutablePeriod;1;3;0;1;0;0;5;0;1;1;0;1;0;0;0;0;0;0
org.joda.time.TestAbstractPartial$MockProperty0Chrono;4;3;0;4;0;0;10;0;1;1;0;1;0;0;0;0;0;1
org.joda.time.tz.DateTimeZoneBuilder$PrecalculatedZone;14;2;0;14;0;0;303;50;84;13;0;10;1;6;0;0;6;1
org.joda.time.field.SkipUndoDateTimeField;5;3;1;5;3;0;44;7;10;6;0;5;1;3;0;0;4;0
org.joda.time.convert.AbstractConverter;10;1;21;10;36;10;30;9;10;9;1;8;0;0;0;0;0;0
org.joda.time.field.TestBaseDateTimeField$MockBaseDateTimeField;5;3;0;5;45;0;32;3;10;10;2;8;0;0;0;0;0;1
org.joda.time.TestLocalDate_Constructors;17;2;2;17;955;0;534;32;83;59;2;57;0;6;0;0;11;0
org.joda.time.field.DelegatedDateTimeField;6;2;6;6;0;4;177;50;57;54;0;54;0;4;0;0;4;1
org.joda.time.TestDateTimeConstants$Anonymous1;0;1;0;0;0;0;2;0;0;0;0;0;0;0;0;0;0;1
org.joda.example.time.DateTimePerformance$Result;0;1;0;0;0;0;7;0;0;0;0;0;0;0;0;0;0;1
org.joda.time.tz.TestZoneInfoCompiler;5;2;0;5;36;0;49;14;10;9;0;9;0;0;0;0;0;0
org.joda.time.TestAbstractPartial$MockPartial;5;2;0;5;13;0;28;3;8;6;1;4;0;0;0;0;0;1
org.joda.time.chrono.EthiopicChronology;14;6;3;14;89;0;115;18;29;14;1;6;1;7;0;1;6;0
org.joda.time.format.TestPeriodFormatterBuilder;13;2;2;13;15;0;985;67;118;86;2;84;0;9;0;0;14;0
org.joda.time.TestStringConvert;22;2;1;22;294;0;136;14;25;25;2;23;0;1;0;0;1;0
org.joda.time.TestInstant_Constructors;12;2;2;12;182;0;126;28;24;21;2;19;0;2;0;0;7;0
org.joda.time.format.TestDateTimeFormatter$CustomDateTimePrinter;4;1;0;4;10;0;17;2;5;5;0;5;0;0;0;0;0;1
org.joda.time.MockNullZoneChronology;7;3;4;7;10;0;17;2;5;5;0;5;0;0;0;0;0;0
org.joda.time.chrono.GJChronology;23;12;25;23;167;0;664;76;53;26;1;16;5;3;0;0;7;1
org.joda.time.chrono.IslamicChronology;13;5;3;13;431;0;268;25;63;31;1;9;1;24;0;5;19;0
org.joda.time.chrono.BasicFixedMonthChronology;3;5;3;3;77;2;70;7;22;15;0;0;0;4;0;0;1;1
org.joda.time.YearMonthDay$Property;8;2;0;8;0;0;51;12;12;12;1;10;0;3;0;0;3;1
org.joda.time.field.UnsupportedDateTimeField;6;2;7;6;1395;0;187;10;60;54;0;51;3;3;0;0;4;0
org.joda.example.time.AgeCalculator;8;6;6;8;12;0;229;42;13;8;0;2;4;1;0;0;3;1
org.joda.time.chrono.ISOYearOfEraDateTimeField;10;4;1;10;120;0;57;19;18;16;0;14;2;2;0;0;1;1
org.joda.time.field.ScaledDurationField;6;4;4;6;0;0;76;15;21;17;0;17;0;2;0;0;2;0
org.joda.time.TestAbstractPartial$MockProperty0Val;1;3;0;1;0;0;5;0;1;1;0;1;0;0;0;0;0;0
org.joda.time.tz.ZoneInfoLogger$Anonymous1;0;1;0;0;0;0;5;0;1;1;1;0;0;0;0;0;0;1
org.joda.time.tz.ZoneInfoCompiler$Zone;5;1;0;5;3;0;72;15;15;6;0;2;2;6;0;6;1;1
org.joda.time.convert.TestConverterManager$Anonymous6;2;1;0;2;6;0;14;0;4;4;0;4;0;0;0;0;0;1
org.joda.time.convert.TestConverterManager$Anonymous7;2;1;0;2;6;0;14;0;4;4;0;4;0;0;0;0;0;1
org.joda.time.TestDurationFieldType;8;2;2;8;190;0;133;45;21;20;2;16;2;0;0;0;0;1
org.joda.time.convert.TestConverterManager$Anonymous8;6;1;0;6;10;0;17;0;5;5;0;5;0;0;0;0;0;1
org.joda.time.chrono.GJCacheKey;4;1;2;4;0;0;50;4;15;3;0;2;0;3;0;0;3;1
org.joda.time.convert.TestConverterManager$Anonymous9;5;1;0;5;10;0;17;0;5;5;0;5;0;0;0;0;0;1
org.joda.time.convert.TestConverterManager$Anonymous2;0;1;0;0;1;0;9;1;2;2;0;2;0;0;0;0;0;1
org.joda.time.TestInterval_Constructors$MockInterval;10;1;0;10;190;0;62;1;20;20;0;20;0;0;0;0;0;1
org.joda.time.chrono.gj.TestGregorianChronology;3;4;3;3;55;0;84;8;23;11;0;3;0;0;0;0;0;0
org.joda.time.convert.TestConverterManager$Anonymous3;3;1;0;3;6;0;14;0;4;4;0;4;0;0;0;0;0;1
org.joda.time.convert.TestConverterManager$Anonymous4;2;1;0;2;6;0;14;0;4;4;0;4;0;0;0;0;0;1
org.joda.time.tz.CachedDateTimeZone;3;2;2;3;4;0;138;13;25;13;0;10;3;4;0;0;4;0
org.joda.time.convert.TestConverterManager$Anonymous5;2;1;0;2;6;0;14;0;4;4;0;4;0;0;0;0;0;1
org.joda.time.convert.TestConverterManager$Anonymous1;1;1;0;1;3;0;15;1;4;3;0;3;0;0;0;0;0;1
org.joda.time.format.PeriodParser;1;1;9;1;0;0;3;0;1;1;0;0;0;0;0;0;0;0
org.joda.time.tz.TestBuilder;8;2;3;8;81;0;111;29;21;15;2;8;0;2;0;0;1;0
org.joda.time.TestDateTimeFieldType;9;2;2;9;465;0;259;82;32;31;2;27;2;0;0;0;0;0
org.joda.example.time.DateTimeBrowser$CalAction;3;2;0;3;1;0;11;3;2;2;0;2;0;0;0;0;0;0
org.joda.time.convert.DurationConverter;1;1;8;1;0;0;3;0;1;1;0;0;0;0;0;0;0;0
org.joda.time.chrono.BasicWeekyearDateTimeField;8;4;2;8;26;0;104;24;29;17;0;15;1;3;0;0;3;0
org.joda.time.convert.TestReadableInstantConverter$Anonymous2;1;1;0;1;0;0;5;0;1;1;0;1;0;0;0;0;0;1
org.joda.time.convert.TestReadableInstantConverter$Anonymous1;1;1;0;1;0;0;5;0;1;1;0;1;0;0;0;0;0;1
org.joda.example.time.DateTimeBrowser$ExitAction;0;2;0;0;1;0;10;3;2;2;0;2;0;0;0;0;0;0
org.joda.time.format.DateTimeFormatterBuilder$MatchingParser;2;1;0;2;0;0;67;5;20;3;0;2;0;2;0;0;2;1
org.joda.time.format.DateTimeFormat;9;1;32;9;166;0;468;55;123;25;1;15;8;11;0;0;3;1
org.joda.time.TestDuration_Basics;22;5;2;22;2552;0;623;76;83;72;2;70;0;1;0;0;7;0
org.joda.time.field.TestPreciseDateTimeField$MockImpreciseDurationField;2;3;0;2;36;0;29;0;9;9;1;8;0;0;0;0;0;1
org.joda.time.chrono.LimitChronology;20;14;9;20;92;0;374;34;45;16;1;11;3;3;0;0;2;1
org.joda.time.TestDateTimeComparator;12;2;2;12;571;0;530;59;65;50;1;46;3;1;0;0;1;0
org.joda.time.base.BaseSingleFieldPeriod;14;1;10;14;147;9;124;31;41;18;6;12;0;2;0;0;3;0
org.joda.time.TestLocalDate_Basics;38;3;2;38;2462;0;935;157;128;89;2;86;1;15;0;0;20;0
org.joda.time.tz.ZoneInfoCompiler;18;1;4;18;141;0;769;94;126;18;0;4;4;8;0;0;4;1
org.joda.time.field.TestMillisDurationField;9;2;2;9;300;0;156;33;32;25;2;23;0;0;0;0;0;0
org.joda.time.tz.Provider;1;1;10;1;1;0;4;0;2;2;0;0;0;0;0;0;0;0
org.joda.time.chrono.AssembledChronology$Fields;4;1;0;4;6;0;158;39;41;4;0;1;2;0;0;35;0;1
org.joda.time.field.TestBaseDateTimeField$MockPartial;5;3;0;5;1;0;14;3;4;2;1;1;0;0;0;0;0;1
org.joda.time.DurationFieldType;4;2;95;4;134;2;148;3;17;17;1;16;0;15;0;0;2;0
org.joda.time.ReadWritableInstant;7;1;3;7;66;0;14;0;12;12;0;0;0;0;0;0;0;0
org.joda.time.format.TestDateTimeFormat;14;2;2;14;0;0;831;53;98;71;2;68;1;5;0;0;9;1
org.joda.time.chrono.TestIslamicChronology;20;2;2;20;243;0;620;112;48;27;2;25;0;6;0;0;11;0
org.joda.time.TestMutableInterval_Constructors$Anonymous1;2;1;0;2;3;0;12;2;3;3;0;3;0;0;0;0;0;0
org.joda.time.TestMutableInterval_Constructors$Anonymous2;3;1;0;3;3;0;12;2;3;3;0;3;0;0;0;0;0;0
org.joda.time.TestDateTime_Properties;22;2;2;22;3430;0;1171;114;156;84;2;82;0;3;0;0;8;0
org.joda.time.TestDateTimeZone$Anonymous3;0;1;0;0;15;0;20;0;6;6;0;6;0;1;0;0;1;1
org.joda.time.TestDateTimeZone$Anonymous4;0;1;0;0;21;0;23;0;7;7;0;7;0;0;0;0;0;0
org.joda.time.TestDateTimeZone$Anonymous1;1;1;0;1;3;0;15;1;4;3;0;3;0;0;0;0;0;1
org.joda.time.TestDateTimeZone$Anonymous2;0;1;0;0;1;0;9;1;2;2;0;2;0;0;0;0;0;1
org.joda.time.TestLocalDate_Properties;15;2;2;15;518;0;448;58;73;33;2;30;1;2;0;0;7;0
org.joda.time.tz.ZoneInfoCompiler$DateTimeOfYear;3;1;0;3;0;0;97;21;17;5;0;3;0;6;0;6;0;0
org.joda.time.convert.StringConverter;21;2;2;21;21;0;131;29;42;7;1;6;0;1;0;0;0;0
org.joda.time.field.TestOffsetDateTimeField$MockOffsetDateTimeField;3;5;0;3;0;0;5;2;1;1;1;0;0;0;0;0;0;1
org.joda.time.chrono.AssembledChronology;7;3;65;7;876;8;404;54;100;45;4;39;2;3;0;0;39;1
org.joda.time.TestAbstractPartial;17;11;2;17;53;0;174;20;17;11;2;9;0;1;0;0;5;0
org.joda.time.TestYearMonthDay_Basics;22;3;1;22;1500;0;677;76;97;68;2;65;1;10;0;0;12;0
org.joda.time.chrono.TestJulianChronology;13;2;2;13;99;0;251;72;20;18;2;16;0;3;0;0;7;0
org.joda.time.TestHours;21;2;2;21;494;0;300;46;44;32;2;30;0;1;0;0;1;0
org.joda.time.chrono.GJEraDateTimeField;11;3;2;11;106;0;79;14;21;17;0;15;1;2;0;0;2;1
org.joda.time.tz.ZoneInfoCompiler$RuleSet;3;1;0;3;0;0;41;12;11;3;0;1;0;0;0;0;1;1
org.joda.example.time.DateTimeBrowser$OpenAction;3;2;0;3;1;0;22;7;4;2;0;2;0;0;0;0;0;1
org.joda.time.chrono.BaseChronology;14;2;15;14;1225;8;222;80;70;50;1;49;0;1;0;0;1;0
org.joda.time.TestInterval_Constructors$Anonymous1;2;1;0;2;3;0;12;2;3;3;0;3;0;0;0;0;0;0
org.joda.time.TestInterval_Constructors$Anonymous2;3;1;0;3;3;0;12;2;3;3;0;3;0;0;0;0;0;0
org.joda.time.format.PeriodFormat;6;1;4;6;36;0;151;29;22;9;1;3;5;2;0;0;2;1
org.joda.time.Weeks;23;2;9;23;313;0;138;28;44;26;0;24;2;8;0;6;2;0
org.joda.time.format.PeriodFormatterBuilder$Composite;5;1;0;5;0;0;92;12;25;8;0;5;2;2;0;0;2;1
org.joda.time.field.AbstractReadableInstantFieldProperty;10;1;28;10;496;12;138;37;43;32;2;30;0;1;0;0;1;0
org.joda.time.format.PeriodFormatterBuilder$PeriodFieldAffix;1;1;0;1;21;0;9;0;7;7;0;0;0;0;0;0;0;1
org.joda.time.convert.TestReadableInstantConverter;17;2;2;17;54;0;83;26;12;12;1;11;0;3;0;0;6;0
org.joda.time.TestInterval_Basics$MockInterval;3;2;0;3;6;0;14;1;4;4;0;4;0;0;0;0;0;1
org.joda.time.LocalDate;29;4;31;29;4466;0;603;107;160;96;2;92;1;7;0;0;8;1
org.joda.time.UTCDateTimeZone;2;2;1;2;55;0;37;2;11;11;0;11;0;2;0;0;1;0
org.joda.time.chrono.BasicDayOfMonthDateTimeField;9;4;2;9;0;0;59;17;17;11;1;8;1;2;0;0;2;0
org.joda.time.MonthDay$Property;8;2;0;8;0;0;45;9;10;10;1;8;0;3;0;0;3;1
org.joda.time.chrono.GJChronology$ImpreciseCutoverField;5;4;0;5;45;0;130;11;35;10;0;6;0;1;0;0;1;0
org.joda.time.field.BaseDurationField;4;2;21;4;60;20;54;8;15;12;1;11;0;2;0;0;2;0
org.joda.time.TestDuration_Basics$MockDuration;1;2;0;1;0;0;10;0;2;2;0;2;0;1;0;0;1;1
org.joda.time.convert.TestConverterManager$Anonymous21;2;1;0;2;3;0;10;0;3;3;0;3;0;0;0;0;0;1
org.joda.time.convert.TestConverterManager$Anonymous20;2;1;0;2;3;0;10;0;3;3;0;3;0;0;0;0;0;1
org.joda.time.tz.DateTimeZoneBuilder$RuleSet;10;1;0;10;0;0;129;21;33;12;0;10;0;1;0;0;7;0
org.joda.time.TestLocalTime_Constructors;18;2;2;18;694;0;686;39;100;64;2;62;0;11;0;0;15;0
org.joda.time.chrono.TestLenientChronology;11;2;2;11;99;0;101;16;17;15;2;13;0;1;0;0;3;0
org.joda.time.TestSerialization;23;2;1;23;535;0;203;31;36;34;2;31;1;3;0;0;9;0
org.joda.time.field.TestScaledDurationField;12;2;2;12;0;0;238;36;47;29;2;27;0;3;0;0;4;0
org.joda.time.field.TestOffsetDateTimeField$MockStandardDateTimeField;4;6;0;4;3;0;11;3;3;3;1;2;0;0;0;0;0;1
org.joda.time.field.TestAll;13;2;2;13;3;0;22;12;3;3;0;3;0;0;0;0;0;0
org.joda.time.TestDateMidnight_Basics$Anonymous1;6;1;0;6;3;0;12;4;3;3;0;3;0;1;0;0;1;1
org.joda.time.field.TestUnsupportedDateTimeField;13;2;2;13;0;0;388;68;59;10;1;9;0;0;0;0;4;0
org.joda.time.TestWeeks;18;2;1;18;494;0;301;37;46;32;2;30;0;1;0;0;1;0
org.joda.time.format.TestDateTimeFormatter;22;2;2;22;0;0;793;80;93;81;2;79;0;8;0;0;14;0
org.joda.time.MockZone;2;2;4;2;0;0;47;1;14;9;0;9;0;0;0;0;0;0
org.joda.time.convert.TestConverterManager$Anonymous10;5;1;0;5;10;0;17;0;5;5;0;5;0;0;0;0;0;1
org.joda.time.convert.TestConverterManager$Anonymous12;5;1;0;5;10;0;17;0;5;5;0;5;0;0;0;0;0;1
org.joda.time.convert.TestConverterManager$Anonymous11;5;1;0;5;10;0;17;0;5;5;0;5;0;0;0;0;0;1
org.joda.time.TestYearMonth_Constructors;8;2;1;8;295;0;283;23;48;34;2;32;0;5;0;0;9;0
org.joda.time.chrono.TestISOChronology;21;2;2;21;256;0;374;105;39;25;2;22;1;3;0;0;7;0
org.joda.time.convert.TestConverterManager$Anonymous14;0;1;0;0;1;0;8;0;2;2;0;2;0;0;0;0;0;0
org.joda.time.convert.TestConverterManager$Anonymous13;0;1;0;0;1;0;8;0;2;2;0;2;0;0;0;0;0;0
org.joda.time.convert.TestConverterManager$Anonymous16;3;1;0;3;3;0;10;0;3;3;0;3;0;0;0;0;0;1
org.joda.time.convert.TestConverterManager$Anonymous15;0;1;0;0;1;0;8;0;2;2;0;2;0;0;0;0;0;0
org.joda.time.convert.TestConverterManager$Anonymous18;3;1;0;3;3;0;10;0;3;3;0;3;0;0;0;0;0;1
org.joda.example.time.TimeZoneTable;5;1;1;5;1;0;110;21;10;2;0;1;1;2;0;0;0;1
org.joda.time.chrono.BasicChronology$HalfdayField;3;5;0;3;6;0;15;6;4;4;0;3;0;1;0;0;1;0
org.joda.time.convert.TestConverterManager$Anonymous17;3;1;0;3;3;0;10;0;3;3;0;3;0;0;0;0;0;1
org.joda.time.format.DateTimeFormatterBuilder$TwoDigitYear;10;1;0;10;12;0;152;17;40;8;0;5;2;3;0;0;3;1
org.joda.time.convert.TestConverterManager$Anonymous19;2;1;0;2;3;0;10;0;3;3;0;3;0;0;0;0;0;1
org.joda.time.format.TestDateTimeFormat$Anonymous1;0;1;0;0;0;0;2;0;0;0;0;0;0;0;0;0;0;1
org.joda.time.chrono.BasicChronology$YearInfo;0;1;0;0;0;0;8;0;1;1;0;0;0;2;0;2;0;1
org.joda.time.LocalDate$Property;6;2;0;6;0;0;67;20;19;19;2;14;2;1;0;0;3;1
org.joda.time.convert.TestReadablePeriodConverter;13;2;2;13;36;0;56;30;9;9;1;8;0;3;0;0;6;1
org.joda.time.format.PeriodFormatterBuilder$CompositeAffix;3;2;0;3;0;0;55;12;16;7;0;6;0;3;0;0;3;1
org.joda.time.format.DateTimePrinter;3;1;7;3;10;0;7;0;5;5;0;0;0;0;0;0;0;0
org.joda.time.TestDateTimeZone$MockDateTimeZone;1;2;0;1;28;0;26;0;8;8;0;8;0;0;0;0;0;1
org.joda.time.base.BaseLocal;1;2;4;1;1;3;7;0;2;2;2;0;0;1;0;0;1;0
org.joda.time.chrono.LenientChronology;7;4;10;7;34;0;80;12;17;9;1;6;2;1;0;0;2;0
org.joda.time.TestDateTimeConstants;4;2;2;4;36;0;67;4;9;9;0;9;0;0;0;0;0;0
org.joda.time.TestBasePartial$MockPartial;4;3;0;4;28;0;33;5;10;8;1;6;0;0;0;0;0;1
org.joda.time.field.DividedDateTimeField;8;4;5;8;31;0;110;20;28;19;0;18;1;6;0;0;3;0
org.joda.time.chrono.gj.TestJulianWeekyearField;4;6;2;4;10;0;31;7;8;5;0;5;0;0;0;0;0;0
org.joda.time.chrono.ZonedChronology;12;8;11;12;120;0;432;27;39;16;1;10;4;2;0;0;2;1
org.joda.time.tz.TestCachedDateTimeZone;6;2;2;6;15;0;37;13;7;7;2;5;0;0;0;0;1;0
org.joda.time.format.DateTimeFormatterBuilder$TimeZoneOffset;9;1;0;9;13;0;230;13;68;7;0;5;1;5;0;0;5;1
org.joda.time.chrono.gj.TestJulianMonthOfYearField;5;6;2;5;3;0;38;11;9;3;0;3;0;0;0;0;0;0
org.joda.time.TestMonths;15;2;2;15;429;0;289;32;40;30;2;28;0;1;0;0;1;0
org.joda.time.format.FormatUtils;1;1;11;1;100;0;277;19;71;16;0;13;1;1;0;0;1;0
org.joda.time.format.PeriodFormatter;10;1;23;10;21;0;106;16;30;19;0;15;3;4;0;0;4;1
org.joda.time.chrono.gj.TestGJMonthOfYearField;7;5;3;7;55;1;55;18;16;11;0;11;0;0;0;0;0;1
org.joda.time.TestDateMidnight_Constructors;15;2;2;15;707;0;435;30;73;47;2;45;0;2;0;0;13;0
org.joda.time.Interval;18;3;31;18;300;0;179;32;45;25;0;25;0;1;0;0;1;1
org.joda.time.convert.LongConverter;6;2;2;6;6;0;15;1;4;4;1;3;0;1;0;0;0;0
org.joda.time.TestAllPackages;10;2;1;10;3;0;22;13;3;3;0;3;0;0;0;0;0;0
org.joda.time.format.TestTextFields;14;2;2;14;13;0;87;19;20;10;2;8;0;4;0;0;6;0
org.joda.time.tz.DateTimeZoneBuilder;11;3;14;11;85;0;1144;50;58;15;0;10;3;1;0;0;1;1
org.joda.time.field.TestOffsetDateTimeField;16;11;2;16;1540;0;436;61;70;56;2;54;0;0;0;0;0;0
org.joda.time.format.DateTimeParserBucket;16;1;23;16;262;0;284;36;63;28;0;24;2;6;0;0;13;1
org.joda.time.chrono.ThreadContention$Anonymous1;1;1;0;1;0;0;21;10;4;1;0;1;0;0;0;0;0;1
org.joda.time.TestDurationField;6;2;2;6;15;0;29;8;7;6;2;4;0;0;0;0;0;0
org.joda.time.DateTimeZone$LazyInit$Anonymous1;3;1;0;3;6;0;15;2;4;4;0;4;0;1;0;0;1;1
org.joda.time.ReadWritablePeriod;3;1;18;3;325;0;28;0;26;26;0;0;0;0;0;0;0;0
org.joda.time.convert.ConverterSet;3;1;3;3;0;0;178;13;48;8;0;0;1;1;0;0;2;1
org.joda.time.chrono.ThreadContention$Anonymous2;3;1;0;3;0;0;21;10;4;1;0;1;0;0;0;0;0;1
org.joda.time.format.TestPeriodFormatter;13;2;2;13;0;0;168;37;23;15;2;13;0;8;0;0;13;0
org.joda.time.tz.FixedDateTimeZone;2;2;3;2;17;0;53;6;16;11;0;11;0;4;0;0;4;0
org.joda.time.format.PeriodPrinter;1;1;9;1;6;0;6;0;4;4;0;0;0;0;0;0;0;0
org.joda.time.TestChronology;22;2;2;22;62;0;139;39;23;12;2;10;0;1;0;0;7;0
org.joda.time.TestMutableDateTime_Basics$MockEqualsChronology;4;3;0;4;10;0;18;0;5;5;0;5;0;1;0;0;1;1
org.joda.time.field.TestPreciseDurationDateTimeField;16;15;2;16;1431;0;549;57;65;54;2;52;0;0;0;0;0;0
org.joda.example.time.AgeCalculator$FieldGroup;2;1;0;2;0;0;55;17;13;3;0;2;0;3;0;3;0;1
org.joda.time.chrono.GJLocaleSymbols;4;1;7;4;185;0;171;29;42;23;0;16;6;15;0;0;16;0
org.joda.time.convert.ReadableDurationConverter;9;2;2;9;6;0;21;4;5;4;1;3;0;1;0;0;0;0
org.joda.time.TestAbstractPartial$MockProperty0Chrono$Anonymous1;2;1;0;2;0;0;5;1;1;1;0;1;0;0;0;0;0;1
org.joda.time.base.BaseDuration;12;2;7;12;75;3;61;6;16;15;5;10;0;1;0;0;2;0
org.joda.time.field.DecoratedDateTimeField;4;3;9;4;0;8;41;9;12;10;1;9;0;2;0;0;2;0
org.joda.time.Months;17;2;2;17;178;0;145;23;47;20;0;18;2;17;0;15;2;0
org.joda.time.TestYearMonthDay_Properties;9;2;1;9;518;0;451;50;73;33;2;30;1;2;0;0;7;0
org.joda.time.TestDateTimeUtils$Anonymous6;1;1;0;1;1;0;8;0;2;2;0;2;0;0;0;0;0;0
org.joda.time.TestDateTimeUtils$Anonymous7;1;1;0;1;0;0;6;0;1;1;0;1;0;1;0;0;1;0
org.joda.time.YearMonthDay;23;4;21;23;1223;0;276;50;64;51;1;48;0;5;0;3;2;0
org.joda.time.format.DateTimeParser;1;1;8;1;1;0;4;0;2;2;0;0;0;0;0;0;0;0
org.joda.time.format.DateTimeFormatterBuilder$CharacterLiteral;6;1;0;6;3;0;38;5;10;6;0;5;0;1;0;0;1;0
org.joda.time.TestIllegalFieldValueException;17;2;2;17;55;0;297;40;28;11;0;11;0;0;0;0;0;0
org.joda.example.time.DateTimeBrowser;14;16;11;14;56;0;547;39;24;12;0;1;11;4;0;0;7;1
org.joda.time.chrono.GJChronology$CutoverField;12;3;0;12;33;0;259;46;71;35;2;30;0;5;2;0;1;0
org.joda.time.TestDateTimeUtils$Anonymous1;1;1;0;1;3;0;15;1;4;3;0;3;0;0;0;0;0;1
org.joda.time.TestDateTimeUtils$Anonymous2;0;1;0;0;1;0;9;1;2;2;0;2;0;0;0;0;0;1
org.joda.time.TestDateTimeUtils$Anonymous3;0;1;0;0;0;0;2;0;0;0;0;0;0;0;0;0;0;1
org.joda.time.TestDateTimeUtils$Anonymous4;0;1;0;0;0;0;5;0;1;1;0;1;0;0;0;0;0;1
org.joda.time.TestDateTimeUtils$Anonymous5;0;1;0;0;0;0;5;0;1;1;0;1;0;0;0;0;0;1
org.joda.time.LocalTime$Property;6;2;0;6;0;0;78;23;22;21;2;16;2;1;0;0;3;0
org.joda.time.convert.ReadablePeriodConverter;7;2;2;7;6;0;16;2;4;4;1;3;0;1;0;0;0;1
org.joda.time.field.OffsetDateTimeField;6;4;5;6;140;2;87;21;24;20;0;20;0;4;0;0;4;0
org.joda.time.format.TestISODateTimeFormat;11;2;2;11;0;0;392;66;51;51;2;49;0;4;0;0;8;0
org.joda.time.TestDateTimeZone$MockNoUTCProvider;2;1;0;2;1;0;10;1;2;2;0;2;0;0;0;0;0;1
org.joda.example.time.DateTimeBrowser$TableView;1;1;0;1;21;0;18;0;7;7;0;2;0;0;3;0;0;1
org.joda.time.field.FieldUtils;4;1;62;4;153;0;139;8;59;18;0;17;1;0;0;0;0;0
org.joda.time.chrono.gj.TestGJWeekyearField;7;5;3;7;55;1;43;12;14;11;0;11;0;0;0;0;0;0
org.joda.example.time.DateTimeBrowser$DateTableView;7;2;0;7;10;0;51;23;7;5;0;0;0;0;0;0;0;1
org.joda.time.TestPartial_Constructors;10;2;1;10;308;0;329;35;55;28;2;24;2;5;0;0;7;0
org.joda.time.format.ISODateTimeFormat;4;1;25;4;1711;0;748;37;132;59;1;52;6;0;0;0;0;1
org.joda.time.TestMonthDay_Constructors;14;2;2;14;295;0;285;28;48;34;2;32;0;5;0;0;9;0
org.joda.time.TestLocalDateTime_Constructors;16;2;2;16;939;0;694;35;86;62;2;60;0;10;0;0;15;0
org.joda.time.base.AbstractPeriod;10;1;9;10;91;1;79;15;25;14;1;13;0;0;0;0;0;0
org.joda.time.format.TestPeriodFormat$Anonymous1;0;1;0;0;0;0;2;0;0;0;0;0;0;0;0;0;0;1
org.joda.time.DateTimeUtils$SystemMillisProvider;1;1;0;1;0;0;5;1;1;1;0;1;0;0;0;0;0;1
org.joda.time.IllegalFieldValueException;3;5;14;3;0;0;172;13;28;20;0;18;2;8;0;0;9;0
org.joda.time.IllegalInstantException;4;5;6;4;6;0;23;5;8;4;0;3;1;1;0;0;1;0
org.joda.time.field.TestBaseDateTimeField;12;11;2;12;1378;0;508;54;64;53;2;51;0;0;0;0;0;0
org.joda.time.format.DateTimeFormatterBuilder$UnpaddedNumber;7;2;0;7;6;0;30;6;7;4;1;3;0;0;0;0;0;1
org.joda.time.format.DateTimeFormat$StyleFormatter;10;1;0;10;22;0;61;16;15;8;0;5;1;4;0;0;4;1
org.joda.time.TestDateMidnight_Basics$MockInstant;3;2;0;3;3;0;11;0;3;3;0;3;0;0;0;0;0;1
org.joda.example.time.DateTimePerformance;9;1;1;9;0;0;802;75;203;52;0;2;50;0;0;0;9;1
org.joda.time.chrono.ZonedChronology$ZonedDateTimeField;10;3;0;10;0;0;201;44;48;35;0;33;1;7;0;0;1;1
org.joda.time.convert.TestConverterManager;21;2;2;21;1567;0;1011;44;107;66;0;66;0;4;0;0;7;0
org.joda.time.TestMutableDateTime_Properties;15;2;2;15;2012;0;611;97;66;64;2;62;0;1;0;0;6;0
org.joda.time.Minutes;23;2;11;23;313;0;138;28;44;26;0;24;2;8;0;6;2;0
org.joda.time.chrono.BasicMonthOfYearDateTimeField;13;4;5;13;0;1;193;39;46;18;0;16;1;5;0;0;5;1
org.joda.time.base.BasePartial;11;2;18;11;18;10;83;19;18;16;11;5;0;3;0;0;3;0
org.joda.time.base.BaseDateTime;9;3;55;9;85;3;77;14;20;18;4;13;1;1;0;0;3;0
org.joda.time.LocalTime;23;4;24;23;2321;0;483;71;122;70;2;66;1;9;0;1;8;0
org.joda.time.TestMonthDay_Basics;31;3;2;31;2919;0;681;83;108;79;2;76;1;9;0;0;11;0
org.joda.time.TestMonthDay_Basics$MockMD;4;2;0;4;3;0;11;2;3;3;0;3;0;0;0;0;0;1
org.joda.time.base.BasePeriod;20;2;5;20;205;4;260;53;59;30;23;4;3;4;0;0;4;1
org.joda.time.tz.DateTimeZoneBuilder$DSTZone;4;2;0;4;0;0;133;13;37;12;0;9;1;4;0;0;1;0
org.joda.time.convert.TestCalendarConverter;16;2;2;16;56;0;108;38;16;12;1;11;0;2;0;0;4;0
org.joda.time.TimeOfDay$Property;8;2;0;8;0;0;56;13;13;13;1;11;0;3;0;0;3;1
org.joda.time.TestDateTimeZone$MockNullIDSProvider;2;1;0;2;1;0;8;0;2;2;0;2;0;0;0;0;0;0
org.joda.time.Partial$Property;7;2;0;7;0;0;51;12;12;12;1;10;0;3;0;0;3;1
org.joda.time.field.ImpreciseDateTimeField;7;5;6;7;47;4;81;4;16;11;1;10;0;3;0;0;2;0
org.joda.time.TestDuration_Constructors;11;2;2;11;343;0;184;23;31;27;2;25;0;2;0;0;8;0
org.joda.example.time.DateTimeBrowser$HexAction;3;2;0;3;1;0;11;3;2;2;0;2;0;0;0;0;0;0
org.joda.time.DateTimeUtils$FixedMillisProvider;1;1;0;1;0;0;9;0;2;2;0;1;0;1;0;0;1;1
org.joda.time.TestInstant_Basics$MockInstant;3;2;0;3;3;0;11;1;3;3;0;3;0;0;0;0;0;1
org.joda.time.field.TestPreciseDurationDateTimeField$Anonymous1;0;1;0;0;0;0;5;0;1;1;0;1;0;0;0;0;0;1
org.joda.time.TestDateMidnight_Properties;18;2;2;18;735;0;425;92;47;39;2;37;0;3;0;0;8;0
org.joda.time.ReadableDuration;3;1;27;3;36;0;11;0;9;9;0;0;0;0;0;0;0;0
org.joda.time.chrono.gj.TestGJWeekOfWeekyearField;7;5;3;7;36;0;34;11;9;9;0;9;0;0;0;0;0;0
org.joda.time.chrono.BasicGJChronology;6;5;2;6;34;2;95;11;49;9;0;0;0;6;0;0;6;1
org.joda.time.tz.TestAll;9;2;1;9;3;0;18;8;3;3;0;3;0;0;0;0;0;0
org.joda.time.field.TestPreciseDurationDateTimeField$Anonymous4;0;1;0;0;0;0;5;0;1;1;0;1;0;0;0;0;0;1
org.joda.time.DurationField;2;1;97;2;190;4;32;3;22;20;0;20;0;0;0;0;0;0
org.joda.time.format.DateTimeFormatter;23;1;64;23;683;0;364;47;98;50;0;42;5;8;0;0;8;1
org.joda.time.format.DateTimeFormatterBuilder$TimeZoneName;9;1;0;9;7;0;51;10;18;7;0;5;1;4;0;0;2;1
org.joda.time.field.TestPreciseDurationDateTimeField$Anonymous2;0;1;0;0;0;0;5;0;1;1;0;1;0;0;0;0;0;1
org.joda.time.chrono.IslamicChronology$LeapYearPatternType;1;1;0;1;0;0;37;0;11;5;0;2;1;3;0;0;1;1
org.joda.time.field.TestPreciseDurationDateTimeField$Anonymous3;0;1;0;0;0;0;5;0;1;1;0;1;0;0;0;0;0;1
org.joda.time.field.DelegatedDurationField;3;2;1;3;0;0;85;21;28;24;2;22;0;3;0;0;3;0
org.joda.time.format.PeriodFormatterBuilder$SimpleAffix;1;2;0;1;0;0;60;6;26;7;0;6;0;1;0;0;1;0
org.joda.time.format.DateTimeParserInternalParser;5;1;5;5;0;0;24;3;7;5;0;2;1;1;0;0;1;1
org.joda.time.convert.PeriodConverter;4;1;8;4;1;0;4;0;2;2;0;0;0;0;0;0;0;0
org.joda.time.ReadWritableDateTime;2;1;2;2;325;0;28;0;26;26;0;0;0;0;0;0;0;0
org.joda.time.chrono.ZonedChronology$ZonedDurationField;5;3;0;5;0;0;83;24;28;16;0;12;3;4;0;0;1;1
org.joda.time.convert.TestReadablePartialConverter;16;4;2;16;35;0;88;26;12;10;1;9;0;3;0;0;7;0
org.joda.time.Instant;15;2;33;15;211;0;82;20;27;22;0;22;0;3;0;1;2;0
org.joda.time.TestBaseSingleFieldPeriod$Single;6;2;0;6;28;0;26;7;8;8;0;8;0;0;0;0;0;1
org.joda.time.TestDateTimeZone;24;3;2;24;527;0;1022;82;114;59;2;57;0;7;0;0;9;0
org.joda.time.chrono.BasicDayOfYearDateTimeField;9;4;2;9;0;0;51;14;16;11;1;8;1;2;0;0;2;0
org.joda.time.chrono.BuddhistChronology;18;4;28;18;53;0;89;22;21;11;1;8;2;6;0;1;5;0
org.joda.time.format.TestISODateTimeFormatParsing;7;2;2;7;1079;0;708;62;50;47;2;42;3;0;0;0;3;0
org.joda.time.chrono.TestGJDate;9;2;2;9;0;0;85;15;19;18;2;16;0;1;0;0;1;0
org.joda.time.field.TestBaseDateTimeField$Anonymous1;0;1;0;0;0;0;5;0;1;1;0;1;0;0;0;0;0;1
org.joda.time.tz.DateTimeZoneBuilder$Recurrence;3;1;0;3;0;0;55;13;15;13;0;9;0;3;0;0;0;1
org.joda.time.format.PeriodFormatterBuilder$RegExAffix$Anonymous1;0;1;0;0;0;0;5;1;1;1;0;1;0;0;0;0;0;1
org.joda.time.format.ISODateTimeFormat$Constants;6;1;0;6;1711;0;362;95;118;59;0;0;59;1;0;0;1;1
org.joda.time.field.TestPreciseDurationDateTimeField$MockZeroDurationField;2;3;0;2;36;0;29;0;9;9;1;8;0;0;0;0;0;1
org.joda.time.chrono.GJYearOfEraDateTimeField;10;4;2;10;108;0;61;19;18;16;0;14;1;2;0;0;2;1
org.joda.time.convert.PartialConverter;6;1;13;6;6;0;6;0;4;4;0;0;0;0;0;0;0;0
org.joda.time.chrono.gj.MainTest;13;2;2;13;180;0;280;56;49;21;0;3;18;13;0;2;11;1
org.joda.time.TestDateTime_Basics;39;5;2;39;1918;0;1060;200;115;96;2;93;1;11;0;0;17;0
org.joda.time.field.RemainderDateTimeField;9;4;5;9;106;0;100;17;25;20;0;19;1;4;0;0;1;0
org.joda.time.TestTimeOfDay_Basics$MockInstant;4;2;0;4;3;0;11;5;3;3;0;3;0;0;0;0;0;1
org.joda.time.JodaTimePermission;0;3;6;0;0;0;6;0;1;1;0;1;0;1;0;0;1;0
org.joda.time.TestMutableDateTime_Constructors;15;2;2;15;515;0;411;31;73;47;2;45;0;2;0;0;7;0
org.joda.time.TestDateTime_Basics$Anonymous1;6;1;0;6;3;0;12;4;3;3;0;3;0;1;0;0;1;1
org.joda.time.format.DateTimeFormatterBuilder$FixedNumber;3;3;0;3;1;0;27;2;9;2;1;1;0;0;0;0;0;1
org.joda.time.chrono.LimitChronology$LimitDateTimeField;4;4;0;4;319;0;131;25;26;26;0;25;0;4;0;0;4;0
org.joda.time.ReadableInterval;9;1;32;9;210;0;23;0;21;21;0;0;0;0;0;0;0;0
org.joda.time.field.LenientDateTimeField;8;3;3;8;4;0;29;11;7;4;1;3;0;2;0;0;2;1
org.joda.time.chrono.TestEthiopicChronology;19;2;2;19;178;0;481;122;38;24;2;22;0;7;0;0;12;0
org.joda.time.base.AbstractDateTime;11;2;41;11;300;1;95;33;29;25;1;24;0;0;0;0;0;0
org.joda.time.chrono.TestGregorianChronology;16;2;2;16;117;0;258;76;21;19;2;17;0;3;0;0;7;0
org.joda.time.ClassLoadTest;5;1;0;5;0;0;22;1;1;1;0;1;0;0;0;0;0;1
org.joda.time.chrono.BasicChronology;28;8;25;28;1269;3;383;67;90;51;1;7;2;23;0;0;23;1
org.joda.time.chrono.BasicYearDateTimeField;8;4;2;8;0;0;87;19;24;19;0;17;1;2;1;0;1;0
org.joda.time.TestTimeOfDay_Basics;19;3;1;19;1407;0;607;77;84;58;2;55;1;11;0;0;14;0
org.joda.time.chrono.ISOChronology$Stub;2;1;0;2;0;0;16;3;4;4;0;0;3;1;0;0;2;1
org.joda.time.field.TestBaseDateTimeField$MockCountingDurationField;2;3;0;2;36;0;35;0;9;9;1;8;0;0;0;0;0;1
org.joda.time.TestMutableInterval_Constructors;29;2;2;29;606;0;546;41;62;56;2;54;0;2;0;0;8;0
org.joda.time.format.DateTimeFormatterBuilder;26;5;16;26;2830;0;1625;57;133;76;0;65;8;0;0;0;2;1
org.joda.time.tz.CachedDateTimeZone$Info;2;1;0;2;0;0;39;6;13;4;0;3;0;2;0;2;3;1
org.joda.time.TestLocalDateTime_Properties;13;2;2;13;2101;0;912;75;140;66;2;63;1;1;0;0;7;0
org.joda.time.TestYearMonth_Properties;9;2;1;9;270;0;287;45;54;24;2;21;1;2;0;0;7;0
org.joda.example.time.DateTimeBrowser$DateAction;3;2;0;3;1;0;11;3;2;2;0;2;0;0;0;0;0;0
org.joda.time.PeriodType;5;1;56;5;657;0;365;48;91;39;1;34;1;5;0;0;22;0
org.joda.time.field.MillisDurationField;4;2;1;4;253;0;86;6;26;23;0;21;2;2;0;1;1;0
org.joda.time.format.InternalPrinter;3;1;15;3;3;0;5;0;3;3;0;0;0;0;0;0;0;0
org.joda.time.TestDateTimeZone$MockBadUTCProvider;2;1;0;2;1;0;11;1;2;2;0;2;0;0;0;0;0;0
org.joda.time.TestYearMonthDay_Basics$MockInstant;4;2;0;4;3;0;11;3;3;3;0;3;0;0;0;0;0;1
org.joda.time.format.DateTimeFormatterBuilder$TextField;12;1;0;12;10;0;108;38;22;8;0;5;2;2;0;0;3;1
org.joda.time.LocalDateTime$Property;6;2;0;6;0;0;70;21;20;20;2;15;2;1;0;0;3;1
org.joda.time.TestLocalTime_Properties;12;2;2;12;976;0;648;61;93;45;2;42;1;1;0;0;5;0
org.joda.time.convert.TestReadableDurationConverter;13;2;2;13;53;0;65;35;11;11;2;9;0;3;0;0;6;1
org.joda.time.convert.TestDateConverter;12;2;2;12;43;0;60;25;11;11;1;10;0;2;0;0;5;0
org.joda.time.TestMutableDateTime_Basics$MockInstant;3;2;0;3;3;0;11;1;3;3;0;3;0;0;0;0;0;1
org.joda.time.field.PreciseDurationDateTimeField;5;3;8;5;13;7;61;7;15;10;1;9;0;3;0;0;2;0
org.joda.time.MonthDay;23;4;7;23;912;0;252;48;60;44;1;40;1;5;0;2;3;0
org.joda.time.convert.TestConverterSet;11;2;2;11;10;0;137;17;15;12;0;12;0;6;0;0;6;0
org.joda.time.TestDateTime_Constructors;16;2;2;16;1198;0;569;38;96;68;2;66;0;2;0;0;7;0
org.joda.time.MutablePeriod;18;3;14;18;2556;0;245;52;77;72;0;72;0;1;0;0;1;0
org.joda.time.MutableDateTime;24;5;22;24;3474;0;442;76;119;84;0;84;0;7;0;6;3;0
org.joda.time.chrono.gj.TestJulianChronology;9;4;6;9;103;0;104;10;31;15;0;7;0;1;0;0;1;0
org.joda.time.TestBaseSingleFieldPeriod;22;3;2;22;136;0;239;39;44;17;2;15;0;1;0;0;1;0
org.joda.time.ReadableDateTime;3;1;12;3;231;0;24;0;22;22;0;0;0;0;0;0;0;0
org.joda.time.convert.MockUnknownTimeZone;0;2;1;0;28;0;25;0;8;8;0;7;0;0;0;0;0;0
org.joda.time.TestLocalTime_Basics;30;3;2;30;1388;0;664;109;83;56;2;53;1;8;0;0;11;0
org.joda.time.TestMutablePeriod_Constructors;11;2;1;11;1828;0;763;34;62;61;2;59;0;2;0;0;8;0
org.joda.time.format.PeriodFormatterBuilder$Literal;5;1;0;5;0;0;25;4;7;6;0;5;0;2;0;0;1;1
org.joda.time.field.TestPreciseDateTimeField$MockStandardDateTimeField;4;6;0;4;3;0;11;3;3;3;1;2;0;0;0;0;0;1
org.joda.time.format.PeriodFormatterBuilder$PluralAffix;1;2;0;1;0;0;65;5;21;7;0;6;0;2;0;0;2;1
org.joda.time.convert.TestNullConverter;18;2;2;18;131;0;106;45;18;18;2;16;0;3;0;0;10;0
org.joda.time.convert.TestReadableIntervalConverter$Anonymous1;1;1;0;1;0;0;5;0;1;1;0;1;0;0;0;0;0;1
org.joda.time.convert.TestReadableIntervalConverter$Anonymous2;1;1;0;1;0;0;5;0;1;1;0;1;0;0;0;0;0;1
org.joda.time.TestInterval_Basics;27;3;2;27;1510;0;996;74;112;88;2;86;0;4;0;0;12;0
org.joda.time.DateMidnight;23;5;14;23;2211;0;355;44;92;67;1;66;0;1;0;0;1;0
org.joda.time.tz.ZoneInfoProvider$Anonymous1;0;1;0;0;0;0;10;2;2;1;0;1;0;0;0;0;0;1
org.joda.time.format.TestISOPeriodFormat$Anonymous1;0;1;0;0;0;0;2;0;0;0;0;0;0;0;0;0;0;1
org.joda.time.TestDateTimeZone$MockOKProvider;2;1;0;2;1;0;11;1;2;2;0;2;0;0;0;0;0;0
org.joda.time.TestDateTimeZone$MockEmptyIDSProvider;2;1;0;2;1;0;8;0;2;2;0;2;0;0;0;0;0;0
org.joda.time.format.TestISODateTimeFormat_Fields;8;2;2;8;990;0;836;20;67;45;2;43;0;0;0;0;0;1
org.joda.time.TestYearMonth_Basics$MockYM;4;2;0;4;3;0;11;2;3;3;0;3;0;0;0;0;0;1
org.joda.time.TestLocalTime_Basics$Anonymous2;3;1;0;3;3;0;12;3;3;3;0;3;0;1;0;0;1;0
org.joda.time.TestLocalTime_Basics$Anonymous1;3;1;0;3;3;0;12;2;3;3;0;3;0;1;0;0;1;1
org.joda.time.chrono.GJMonthOfYearDateTimeField;3;5;1;3;15;0;21;6;6;6;1;4;0;1;0;0;1;0
org.joda.time.format.DateTimeParserBucket$SavedState;3;1;0;3;0;0;25;0;4;2;0;0;0;4;0;0;0;1
org.joda.time.TestYearMonth_Basics;21;3;1;21;1124;0;544;68;82;52;2;49;1;10;0;0;12;0
org.joda.example.time.DateTimeBrowser$HexTableView;7;2;0;7;10;0;60;19;8;5;0;0;0;0;0;0;0;1
org.joda.time.tz.DateTimeZoneBuilder$Rule;5;1;0;5;0;0;52;8;12;8;0;7;0;3;0;0;0;0
org.joda.time.Days;23;2;12;23;313;0;150;28;48;26;0;24;2;12;0;10;2;0
org.joda.time.field.TestPreciseDurationDateTimeField$MockImpreciseDurationField;2;3;0;2;36;0;29;0;9;9;1;8;0;0;0;0;0;1
org.joda.time.convert.MockUnknownCalendar;0;2;1;0;62;0;36;0;12;12;2;8;0;0;0;0;2;0
org.joda.time.field.TestPreciseDateTimeField;16;17;2;16;1431;0;526;60;67;54;2;52;0;0;0;0;0;0
org.joda.example.time.AgeCalculator$FieldSet;3;1;0;3;3;0;50;10;9;6;0;1;4;2;0;0;2;1
org.joda.time.chrono.BasicSingleEraDateTimeField;7;3;4;7;96;0;57;6;18;16;0;15;0;2;0;0;2;0
org.joda.time.convert.TestAll;16;2;2;16;3;0;25;15;3;3;0;3;0;0;0;0;0;0
org.joda.time.YearMonth$Property;8;2;0;8;0;0;45;9;10;10;1;8;0;3;0;0;3;1
org.joda.time.tz.UTCProvider;2;1;2;2;3;0;15;2;4;3;0;3;0;1;0;0;1;0
org.joda.time.convert.TestLongConverter;12;2;2;12;56;0;61;25;12;12;1;11;0;3;0;0;6;1
org.joda.time.format.InternalPrinterDateTimePrinter;7;1;4;7;0;0;60;6;18;11;0;9;1;1;0;0;1;0
org.joda.time.ReadableInstant;5;1;59;5;66;0;14;0;12;12;0;0;0;0;0;0;0;0
org.joda.time.convert.NullConverter;12;2;2;12;10;0;20;4;5;5;1;4;0;1;0;0;0;0
org.joda.time.format.TestDateTimeParserBucket;10;2;2;10;0;0;232;28;21;21;0;21;0;11;0;0;11;0
org.joda.time.TestDateTime_Basics$MockInstant;3;2;0;3;3;0;11;0;3;3;0;3;0;0;0;0;0;1
org.joda.time.tz.DefaultNameProvider;3;1;3;3;28;0;101;21;44;8;0;5;3;0;0;0;2;0
org.joda.time.format.TestDateTimeFormatStyle;9;2;2;9;0;0;306;39;34;26;2;24;0;8;0;0;12;0
org.joda.time.tz.ZoneInfoLogger;0;1;3;0;0;0;14;2;2;2;0;2;0;0;0;0;0;0
org.joda.time.TestPeriodType;8;2;1;8;1077;0;713;57;174;47;2;43;2;2;0;0;8;1
org.joda.time.TestTimeOfDay_Properties;8;2;1;8;766;0;606;49;88;40;2;37;1;1;0;0;5;0
org.joda.time.format.PeriodFormat$DynamicWordBased;7;1;0;7;22;0;33;12;12;8;0;5;2;1;0;0;1;1
org.joda.time.MutableInterval;10;3;15;10;351;0;118;18;33;27;0;27;0;1;0;0;1;0
org.joda.time.convert.TestConverterSet$Anonymous4;0;1;0;0;0;0;5;0;1;1;0;1;0;0;0;0;0;1
org.joda.time.tz.NameProvider;0;1;4;0;1;0;4;0;2;2;0;0;0;0;0;0;0;0
org.joda.time.convert.TestConverterSet$Anonymous3;0;1;0;0;0;0;5;0;1;1;0;1;0;0;0;0;0;1
org.joda.time.convert.TestConverterSet$Anonymous6;0;1;0;0;0;0;5;0;1;1;0;1;0;0;0;0;0;1
org.joda.time.format.TestPeriodFormatParsing;11;2;2;11;34;0;86;25;9;9;2;7;0;9;0;0;13;1
org.joda.time.convert.TestConverterSet$Anonymous5;0;1;0;0;0;0;5;0;1;1;0;1;0;0;0;0;0;1
org.joda.time.TestPartial_Basics;17;2;1;17;3151;0;772;74;119;83;2;75;6;10;0;0;13;1
org.joda.example.time.DateTimeBrowser$GetterAction;3;2;0;3;1;0;11;3;2;2;0;2;0;0;0;0;0;0
org.joda.time.convert.TestConverterSet$Anonymous2;0;1;0;0;0;0;5;0;1;1;0;1;0;0;0;0;0;1
org.joda.time.convert.TestConverterSet$Anonymous1;0;1;0;0;0;0;5;0;1;1;0;1;0;0;0;0;0;1
org.joda.time.TestMutableDateTime_Basics$Anonymous1;6;1;0;6;3;0;12;4;3;3;0;3;0;1;0;0;1;1
org.joda.time.TestLocalDateTime_Basics;32;3;2;32;2212;0;894;178;103;76;2;73;1;15;0;0;19;0
org.joda.time.format.TestISOPeriodFormatParsing;9;2;2;9;188;0;134;17;24;20;2;18;0;9;0;0;13;0
org.joda.time.TestMutableInterval_Basics$MockInterval;3;2;0;3;6;0;14;1;4;4;0;4;0;0;0;0;0;1
org.joda.time.convert.ReadableInstantConverter;9;2;2;9;10;0;33;6;9;5;1;4;0;1;0;0;0;0
org.joda.time.TestBasePartial;7;4;2;7;13;0;89;14;8;6;2;4;0;1;0;0;5;0
org.joda.time.convert.InstantConverter;3;1;12;3;3;0;5;0;3;3;0;0;0;0;0;0;0;0
org.joda.time.TestYears;11;2;1;11;323;0;234;26;35;26;2;24;0;1;0;0;1;0
org.joda.time.TestInterval_Constructors;31;2;2;31;1186;0;655;50;76;65;2;63;0;3;0;0;7;0
org.joda.time.chrono.StrictChronology;7;4;8;7;34;0;80;12;17;9;1;6;2;1;0;0;2;0
org.joda.time.TestMonthDay_Properties;16;2;2;16;270;0;272;55;54;24;2;21;1;2;0;0;7;0
org.joda.time.tz.ZoneInfoProvider;4;1;4;4;46;0;155;30;34;12;1;6;5;5;0;0;5;0
org.joda.time.chrono.JulianChronology;11;6;23;11;163;0;133;16;37;19;1;6;1;7;0;0;7;1
org.joda.time.Period;24;3;53;24;3655;0;465;53;118;86;0;84;2;2;0;1;1;1
org.joda.time.chrono.TestAll;14;2;2;14;3;0;24;13;3;3;0;3;0;0;0;1;0;0
org.joda.time.format.DateTimeFormat$StyleFormatterCacheKey;1;1;0;1;0;0;39;2;11;3;0;3;0;2;0;0;2;1
org.joda.time.Chronology;7;1;240;7;1176;1;51;0;49;49;0;49;0;0;0;0;0;0
org.joda.time.field.TestPreciseDateTimeField$MockZeroDurationField;2;3;0;2;36;0;29;0;9;9;1;8;0;0;0;0;0;1
org.joda.time.TestPeriod_Basics$MockPeriod;1;2;0;1;0;0;6;0;1;1;0;1;0;1;0;0;1;0
org.joda.time.field.TestFieldUtils;4;2;2;4;45;0;290;11;41;10;0;10;0;0;0;0;0;0
org.joda.time.format.PeriodFormatterBuilder$RegExAffix;2;2;0;2;0;0;69;14;19;8;0;6;1;4;0;0;4;1
org.joda.time.format.DateTimeParserBucket$SavedField;3;1;0;3;0;0;40;6;8;5;0;1;0;0;0;0;0;1
org.joda.time.MockPartial;10;1;15;10;66;14;39;4;12;12;0;12;0;1;0;1;0;0
org.joda.time.TestPartial_Match;11;2;1;11;24;0;92;16;9;8;2;5;1;16;0;0;20;1
org.joda.time.format.InternalParserDateTimeParser;5;1;4;5;0;0;40;5;12;7;0;5;1;1;0;0;1;0
org.joda.example.time.DateTimeBrowser$GetterTableView;6;2;0;6;10;0;53;26;7;5;0;0;0;0;0;0;0;1
org.joda.time.format.InternalParser;1;1;17;1;1;0;4;0;2;2;0;0;0;0;0;0;0;0
org.joda.time.chrono.gj.TestJulianYearField;4;6;2;4;10;0;31;7;8;5;0;5;0;0;0;0;0;0
org.joda.time.TestLocalDate_Basics$MockInstant;4;2;0;4;3;0;11;3;3;3;0;3;0;0;0;0;0;1
org.joda.time.ReadablePartial;6;1;89;6;55;0;13;0;11;11;0;0;0;0;0;0;0;0
org.joda.time.TestTimeOfDay_Constructors;8;2;1;8;425;0;636;25;94;51;2;49;0;4;0;0;8;0
org.joda.time.tz.TestFixedDateTimeZone;5;2;2;5;39;0;64;11;16;10;2;7;1;0;0;0;1;0
org.joda.time.DateTimeConstants;0;1;1;0;0;0;44;0;1;1;1;0;0;40;0;40;0;0
